{"latMin":-8.8381104020621,"latMax":-8.8140694714179,"lngMin":13.226583816953,"lngMax":13.253393756862,"rows":50,"cols":40}