{
  "latMin": -8.977323,
  "latMax": -8.916531,
  "lngMin": 13.139992,
  "lngMax": 13.222647,
  "rows": 10,
  "cols": 10
}
